5109.jpg,Industrial
6366.jpg,Pasture
6414.jpg,River
2882.jpg,AnnualCrop
3222.jpg,Pasture
8363.jpg,Pasture
2896.jpg,Pasture
1390.jpg,HerbaceousVegetation
2699.jpg,Residential
5848.jpg,Pasture
7087.jpg,HerbaceousVegetation
176.jpg,HerbaceousVegetation
2464.jpg,Industrial
3020.jpg,PermanentCrop
7520.jpg,HerbaceousVegetation
1151.jpg,Pasture
2458.jpg,PermanentCrop
3746.jpg,HerbaceousVegetation
8834.jpg,Highway
6819.jpg,Forest
8820.jpg,SeaLake
3785.jpg,Highway
1186.jpg,Forest
6831.jpg,HerbaceousVegetation
3949.jpg,Pasture
4940.jpg,Highway
3168.jpg,HerbaceousVegetation
7468.jpg,PermanentCrop
9451.jpg,AnnualCrop
6004.jpg,Highway
5525.jpg,PermanentCrop
7332.jpg,PermanentCrop
6992.jpg,SeaLake
7454.jpg,HerbaceousVegetation
5257.jpg,Forest
6986.jpg,River
8773.jpg,Industrial
1757.jpg,Highway
228.jpg,Industrial
8940.jpg,Highway
6979.jpg,Forest
4820.jpg,PermanentCrop
6945.jpg,SeaLake
2074.jpg,Forest
9121.jpg,Residential
6212.jpg,River
1569.jpg,HerbaceousVegetation
6548.jpg,SeaLake
5727.jpg,HerbaceousVegetation
8217.jpg,AnnualCrop
2909.jpg,Pasture
7871.jpg,Highway
7865.jpg,Highway
9860.jpg,Industrial
2935.jpg,Highway
1596.jpg,AnnualCrop
7859.jpg,River
764.jpg,SeaLake
5929.jpg,HerbaceousVegetation
3380.jpg,SeaLake
1597.jpg,SeaLake
9875.jpg,HerbaceousVegetation
4389.jpg,Residential
9861.jpg,Residential
981.jpg,AnnualCrop
7870.jpg,Forest
5732.jpg,PermanentCrop
5054.jpg,HerbaceousVegetation
8570.jpg,Highway
6549.jpg,HerbaceousVegetation
8564.jpg,Residential
3431.jpg,Pasture
2049.jpg,AnnualCrop
1540.jpg,River
5068.jpg,Pasture
4362.jpg,Residential
8558.jpg,Forest
215.jpg,Forest
6987.jpg,HerbaceousVegetation
3627.jpg,PermanentCrop
4148.jpg,Industrial
6039.jpg,SeaLake
7327.jpg,PermanentCrop
8766.jpg,Industrial
6763.jpg,PermanentCrop
2277.jpg,Highway
6777.jpg,Residential
6830.jpg,HerbaceousVegetation
413.jpg,HerbaceousVegetation
361.jpg,Residential
1193.jpg,SeaLake
3784.jpg,Highway
9281.jpg,Pasture
8835.jpg,Residential
9518.jpg,Pasture
1144.jpg,SeaLake
7535.jpg,River
4982.jpg,Highway
8174.jpg,Highway
6159.jpg,Highway
1150.jpg,Forest
5478.jpg,Industrial
2317.jpg,HerbaceousVegetation
3009.jpg,PermanentCrop
6603.jpg,Residential
5685.jpg,Pasture
177.jpg,AnnualCrop
611.jpg,River
89.jpg,Industrial
1391.jpg,HerbaceousVegetation
7938.jpg,AnnualCrop
6398.jpg,AnnualCrop
9929.jpg,River
5875.jpg,Highway
1420.jpg,Forest
7051.jpg,Highway
5120.jpg,Forest
3551.jpg,HerbaceousVegetation
3545.jpg,AnnualCrop
3223.jpg,Residential
5652.jpg,Pasture
836.jpg,River
76.jpg,HerbaceousVegetation
9042.jpg,Industrial
3209.jpg,PermanentCrop
1344.jpg,Forest
8406.jpg,Residential
2895.jpg,Pasture
3553.jpg,Pasture
8360.jpg,SeaLake
7053.jpg,SeaLake
1422.jpg,Industrial
8374.jpg,PermanentCrop
1436.jpg,River
5888.jpg,HerbaceousVegetation
5136.jpg,PermanentCrop
1350.jpg,PermanentCrop
5863.jpg,Residential
149.jpg,River
9081.jpg,HerbaceousVegetation
7090.jpg,Forest
4599.jpg,Pasture
5693.jpg,Pasture
4764.jpg,PermanentCrop
2315.jpg,HerbaceousVegetation
8638.jpg,HerbaceousVegetation
7279.jpg,Pasture
5320.jpg,AnnualCrop
7537.jpg,Industrial
8610.jpg,Highway
3745.jpg,SeaLake
4994.jpg,HerbaceousVegetation
5452.jpg,Forest
9283.jpg,HerbaceousVegetation
4943.jpg,PermanentCrop
6826.jpg,PermanentCrop
4610.jpg,HerbaceousVegetation
3619.jpg,River
2275.jpg,Residential
9308.jpg,Residential
5532.jpg,Industrial
6985.jpg,Forest
8770.jpg,Pasture
559.jpg,River
3816.jpg,AnnualCrop
3180.jpg,PermanentCrop
4837.jpg,PermanentCrop
5283.jpg,Residential
571.jpg,HerbaceousVegetation
940.jpg,River
9888.jpg,PermanentCrop
6563.jpg,Forest
9650.jpg,AnnualCrop
9136.jpg,Forest
3369.jpg,Pasture
9122.jpg,HerbaceousVegetation
3355.jpg,Forest
5903.jpg,SeaLake
1595.jpg,AnnualCrop
3396.jpg,HerbaceousVegetation
1581.jpg,SeaLake
773.jpg,Forest
9863.jpg,Forest
2937.jpg,Pasture
5094.jpg,Pasture
7873.jpg,SeaLake
9692.jpg,PermanentCrop
1543.jpg,Residential
9679.jpg,Highway
6238.jpg,Forest
5731.jpg,Highway
6576.jpg,HerbaceousVegetation
1219.jpg,Highway
9651.jpg,AnnualCrop
799.jpg,SeaLake
2062.jpg,HerbaceousVegetation
6953.jpg,Pasture
5282.jpg,Highway
3195.jpg,Forest
3181.jpg,Forest
1999.jpg,Forest
3156.jpg,Highway
5527.jpg,Residential
9309.jpg,Residential
5255.jpg,PermanentCrop
8759.jpg,River
2512.jpg,PermanentCrop
2274.jpg,PermanentCrop
9321.jpg,Highway
7318.jpg,Forest
4611.jpg,HerbaceousVegetation
2260.jpg,Residential
9453.jpg,HerbaceousVegetation
362.jpg,PermanentCrop
5484.jpg,HerbaceousVegetation
4942.jpg,Forest
3793.jpg,Industrial
6833.jpg,HerbaceousVegetation
1184.jpg,River
1812.jpg,Forest
9282.jpg,Industrial
1153.jpg,SeaLake
8611.jpg,Residential
1635.jpg,SeaLake
4995.jpg,HerbaceousVegetation
3022.jpg,Pasture
3036.jpg,PermanentCrop
7250.jpg,SeaLake
6628.jpg,SeaLake
5321.jpg,Highway
4017.jpg,SeaLake
2300.jpg,Forest
7278.jpg,Highway
6166.jpg,AnnualCrop
9527.jpg,Highway
2843.jpg,PermanentCrop
9902.jpg,HerbaceousVegetation
3591.jpg,HerbaceousVegetation
7091.jpg,HerbaceousVegetation
5862.jpg,HerbaceousVegetation
5651.jpg,HerbaceousVegetation
8375.jpg,SeaLake
1351.jpg,Highway
5137.jpg,Residential
3546.jpg,HerbaceousVegetation
5123.jpg,Pasture
2894.jpg,Pasture
7052.jpg,AnnualCrop
2102.jpg,HerbaceousVegetation
2670.jpg,PermanentCrop
4567.jpg,River
5679.jpg,Residential
9043.jpg,AnnualCrop
5899.jpg,Pasture
7056.jpg,PermanentCrop
6348.jpg,HerbaceousVegetation
7730.jpg,AnnualCrop
9709.jpg,Highway
7724.jpg,SeaLake
1433.jpg,Industrial
6374.jpg,SeaLake
4563.jpg,Forest
1369.jpg,HerbaceousVegetation
3218.jpg,PermanentCrop
170.jpg,HerbaceousVegetation
5866.jpg,Pasture
5872.jpg,Residential
1625.jpg,PermanentCrop
6610.jpg,Pasture
4007.jpg,River
4761.jpg,Industrial
1619.jpg,Forest
9245.jpg,Highway
7268.jpg,River
399.jpg,Pasture
414.jpg,River
2489.jpg,Residential
6189.jpg,Pasture
5494.jpg,SeaLake
400.jpg,HerbaceousVegetation
6758.jpg,Residential
8775.jpg,River
3146.jpg,HerbaceousVegetation
3634.jpg,HerbaceousVegetation
5245.jpg,HerbaceousVegetation
8749.jpg,HerbaceousVegetation
4173.jpg,River
6770.jpg,Industrial
1792.jpg,PermanentCrop
3191.jpg,HerbaceousVegetation
1962.jpg,Residential
8946.jpg,Residential
9480.jpg,Industrial
1235.jpg,Industrial
5053.jpg,Residential
3350.jpg,Pasture
9133.jpg,SeaLake
3378.jpg,Industrial
4417.jpg,Pasture
5709.jpg,PermanentCrop
2700.jpg,AnnualCrop
7678.jpg,River
6566.jpg,PermanentCrop
2714.jpg,River
4365.jpg,SeaLake
2072.jpg,PermanentCrop
1590.jpg,HerbaceousVegetation
6599.jpg,HerbaceousVegetation
776.jpg,PermanentCrop
992.jpg,Highway
7686.jpg,SeaLake
9640.jpg,PermanentCrop
9898.jpg,HerbaceousVegetation
4416.jpg,Highway
6567.jpg,HerbaceousVegetation
7679.jpg,SeaLake
1546.jpg,Pasture
7645.jpg,Forest
3812.jpg,HerbaceousVegetation
8953.jpg,HerbaceousVegetation
1787.jpg,HerbaceousVegetation
5293.jpg,Industrial
561.jpg,Residential
6942.jpg,Pasture
3184.jpg,PermanentCrop
2271.jpg,Residential
9442.jpg,SeaLake
4172.jpg,Highway
2265.jpg,HerbaceousVegetation
8760.jpg,SeaLake
6981.jpg,HerbaceousVegetation
7447.jpg,Pasture
9287.jpg,HerbaceousVegetation
8199.jpg,River
1803.jpg,Industrial
3782.jpg,Highway
6188.jpg,SeaLake
7296.jpg,AnnualCrop
2305.jpg,AnnualCrop
6163.jpg,PermanentCrop
9250.jpg,HerbaceousVegetation
9536.jpg,HerbaceousVegetation
2463.jpg,Residential
3769.jpg,AnnualCrop
9522.jpg,SeaLake
9244.jpg,SeaLake
1618.jpg,Residential
1156.jpg,Pasture
1142.jpg,PermanentCrop
3755.jpg,AnnualCrop
5442.jpg,HerbaceousVegetation
3580.jpg,Industrial
1397.jpg,Highway
9913.jpg,Pasture
7094.jpg,Industrial
171.jpg,Forest
3594.jpg,Highway
824.jpg,AnnualCrop
9734.jpg,HerbaceousVegetation
1368.jpg,HerbaceousVegetation
4562.jpg,HerbaceousVegetation
6375.jpg,HerbaceousVegetation
4204.jpg,Residential
7043.jpg,River
6349.jpg,HerbaceousVegetation
4238.jpg,PermanentCrop
8400.jpg,Forest
8366.jpg,Industrial
9736.jpg,HerbaceousVegetation
6405.jpg,SeaLake
826.jpg,Forest
4212.jpg,River
9722.jpg,Highway
9044.jpg,HerbaceousVegetation
2111.jpg,AnnualCrop
4560.jpg,SeaLake
615.jpg,Highway
6388.jpg,Residential
5681.jpg,River
2878.jpg,HerbaceousVegetation
9508.jpg,AnnualCrop
1154.jpg,AnnualCrop
5332.jpg,HerbaceousVegetation
3743.jpg,Industrial
8170.jpg,Pasture
4986.jpg,River
2449.jpg,AnnualCrop
4038.jpg,SeaLake
8602.jpg,AnnualCrop
7531.jpg,River
6607.jpg,Highway
8158.jpg,Industrial
7280.jpg,Residential
5483.jpg,Forest
6834.jpg,HerbaceousVegetation
3964.jpg,Residential
9291.jpg,Pasture
4979.jpg,Residential
4158.jpg,River
3151.jpg,HerbaceousVegetation
8010.jpg,Industrial
5252.jpg,SeaLake
1034.jpg,HerbaceousVegetation
2515.jpg,PermanentCrop
9326.jpg,AnnualCrop
4616.jpg,Residential
3179.jpg,Residential
1008.jpg,HerbaceousVegetation
7492.jpg,Industrial
577.jpg,AnnualCrop
4825.jpg,River
3838.jpg,Industrial
6968.jpg,HerbaceousVegetation
8945.jpg,River
239.jpg,HerbaceousVegetation
8951.jpg,Forest
5722.jpg,Industrial
8560.jpg,River
8574.jpg,Residential
5050.jpg,PermanentCrop
8212.jpg,River
6217.jpg,PermanentCrop
952.jpg,Residential
946.jpg,AnnualCrop
5905.jpg,Highway
749.jpg,River
9859.jpg,Forest
5910.jpg,Forest
2925.jpg,PermanentCrop
5086.jpg,Industrial
4398.jpg,River
2931.jpg,Industrial
7691.jpg,SeaLake
774.jpg,SeaLake
7849.jpg,Pasture
4373.jpg,PermanentCrop
1579.jpg,Pasture
2716.jpg,AnnualCrop
6558.jpg,Pasture
7646.jpg,Forest
1551.jpg,PermanentCrop
1223.jpg,Highway
5045.jpg,River
238.jpg,PermanentCrop
8788.jpg,Highway
3805.jpg,SeaLake
1790.jpg,Industrial
4830.jpg,Highway
3839.jpg,SeaLake
4824.jpg,Industrial
1784.jpg,Pasture
9333.jpg,River
6000.jpg,SeaLake
2266.jpg,Industrial
2500.jpg,Forest
9441.jpg,Forest
9327.jpg,River
5247.jpg,Pasture
8763.jpg,SeaLake
8005.jpg,River
1800.jpg,HerbaceousVegetation
8824.jpg,Forest
3971.jpg,Highway
9290.jpg,Forest
5482.jpg,HerbaceousVegetation
3781.jpg,Highway
4788.jpg,River
8159.jpg,Industrial
9535.jpg,SeaLake
4011.jpg,River
2460.jpg,SeaLake
7530.jpg,Highway
4039.jpg,Forest
5327.jpg,Pasture
3742.jpg,Forest
5333.jpg,SeaLake
7524.jpg,HerbaceousVegetation
8171.jpg,HerbaceousVegetation
3024.jpg,PermanentCrop
9086.jpg,Industrial
5864.jpg,AnnualCrop
1380.jpg,Pasture
6389.jpg,River
166.jpg,PermanentCrop
98.jpg,HerbaceousVegetation
9723.jpg,Forest
1419.jpg,PermanentCrop
199.jpg,River
4575.jpg,PermanentCrop
3554.jpg,SeaLake
8367.jpg,Industrial
3232.jpg,Highway
3540.jpg,PermanentCrop
6305.jpg,Forest
9036.jpg,HerbaceousVegetation
698.jpg,AnnualCrop
6477.jpg,HerbaceousVegetation
7769.jpg,Highway
2611.jpg,HerbaceousVegetation
7027.jpg,HerbaceousVegetation
1330.jpg,Residential
7741.jpg,Highway
3527.jpg,PermanentCrop
5142.jpg,Highway
8466.jpg,AnnualCrop
5817.jpg,Residential
9793.jpg,River
129.jpg,PermanentCrop
101.jpg,Highway
5195.jpg,Forest
7782.jpg,River
4076.jpg,PermanentCrop
1668.jpg,Industrial
2413.jpg,HerbaceousVegetation
8880.jpg,PermanentCrop
1132.jpg,Residential
5432.jpg,HerbaceousVegetation
4738.jpg,Industrial
7231.jpg,AnnualCrop
1898.jpg,HerbaceousVegetation
9591.jpg,Highway
3916.jpg,Pasture
7580.jpg,AnnualCrop
6846.jpg,Forest
4089.jpg,HerbaceousVegetation
1697.jpg,HerbaceousVegetation
5383.jpg,HerbaceousVegetation
2573.jpg,AnnualCrop
4664.jpg,River
288.jpg,Residential
2567.jpg,SeaLake
9432.jpg,HerbaceousVegetation
3651.jpg,PermanentCrop
5220.jpg,Highway
1046.jpg,PermanentCrop
5546.jpg,PermanentCrop
3123.jpg,Highway
7345.jpg,HerbaceousVegetation
9368.jpg,PermanentCrop
9383.jpg,PermanentCrop
8937.jpg,PermanentCrop
511.jpg,HerbaceousVegetation
5585.jpg,Residential
4843.jpg,Residential
6517.jpg,Forest
9630.jpg,HerbaceousVegetation
2765.jpg,HerbaceousVegetation
9156.jpg,PermanentCrop
5744.jpg,AnnualCrop
1522.jpg,HerbaceousVegetation
908.jpg,PermanentCrop
8506.jpg,Highway
9618.jpg,SeaLake
5022.jpg,AnnualCrop
3447.jpg,SeaLake
4328.jpg,Residential
1536.jpg,AnnualCrop
5988.jpg,HerbaceousVegetation
5750.jpg,SeaLake
7806.jpg,Pasture
7190.jpg,HerbaceousVegetation
4499.jpg,River
3490.jpg,Pasture
7184.jpg,Forest
3491.jpg,Forest
909.jpg,Residential
4315.jpg,Residential
2764.jpg,SeaLake
9631.jpg,Forest
2016.jpg,Pasture
6270.jpg,River
9625.jpg,SeaLake
935.jpg,Forest
4301.jpg,Industrial
262.jpg,PermanentCrop
1090.jpg,River
7344.jpg,Highway
3644.jpg,Residential
8705.jpg,Residential
6728.jpg,Pasture
3650.jpg,River
8063.jpg,River
2200.jpg,Highway
9355.jpg,PermanentCrop
7378.jpg,Industrial
6700.jpg,SeaLake
4665.jpg,Industrial
3081.jpg,Highway
3917.jpg,Residential
9584.jpg,Highway
8842.jpg,Pasture
5427.jpg,AnnualCrop
2348.jpg,Highway
3056.jpg,PermanentCrop
1133.jpg,River
7224.jpg,AnnualCrop
3718.jpg,AnnualCrop
7797.jpg,PermanentCrop
3283.jpg,Industrial
128.jpg,SeaLake
7967.jpg,River
29.jpg,Residential
9779.jpg,Forest
1443.jpg,Industrial
7026.jpg,Forest
8315.jpg,PermanentCrop
3526.jpg,AnnualCrop
9023.jpg,Pasture
6310.jpg,HerbaceousVegetation
6304.jpg,PermanentCrop
699.jpg,AnnualCrop
6462.jpg,Forest
4275.jpg,SeaLake
6312.jpg,Residential
6474.jpg,SeaLake
9753.jpg,River
843.jpg,PermanentCrop
7030.jpg,Highway
1441.jpg,River
2148.jpg,Highway
3256.jpg,HerbaceousVegetation
7742.jpg,HerbaceousVegetation
3524.jpg,PermanentCrop
3242.jpg,Highway
9784.jpg,River
9948.jpg,Industrial
880.jpg,Residential
9790.jpg,Industrial
658.jpg,AnnualCrop
7965.jpg,AnnualCrop
3295.jpg,SeaLake
116.jpg,PermanentCrop
5182.jpg,River
1119.jpg,Forest
3068.jpg,Pasture
9237.jpg,PermanentCrop
8129.jpg,SeaLake
3054.jpg,River
7232.jpg,PermanentCrop
6138.jpg,HerbaceousVegetation
4049.jpg,SeaLake
8673.jpg,Industrial
1864.jpg,River
6879.jpg,PermanentCrop
5380.jpg,Highway
6689.jpg,Highway
466.jpg,Highway
8868.jpg,AnnualCrop
9431.jpg,Pasture
9425.jpg,Residential
7408.jpg,River
8713.jpg,Pasture
3134.jpg,Highway
6919.jpg,PermanentCrop
3861.jpg,Highway
1910.jpg,PermanentCrop
8908.jpg,SeaLake
7385.jpg,Pasture
9155.jpg,Forest
6266.jpg,HerbaceousVegetation
9633.jpg,Residential
8539.jpg,AnnualCrop
3322.jpg,Pasture
7622.jpg,Forest
7636.jpg,HerbaceousVegetation
2996.jpg,Pasture
2028.jpg,SeaLake
8288.jpg,Pasture
9828.jpg,Forest
9800.jpg,River
5784.jpg,Residential
1285.jpg,River
3492.jpg,Residential
7186.jpg,River
2798.jpg,HerbaceousVegetation
9197.jpg,HerbaceousVegetation
739.jpg,Residential
5020.jpg,Pasture
1246.jpg,HerbaceousVegetation
2029.jpg,AnnualCrop
7145.jpg,Industrial
6273.jpg,Industrial
4470.jpg,SeaLake
4316.jpg,SeaLake
9632.jpg,Industrial
5587.jpg,SeaLake
3690.jpg,Forest
1087.jpg,River
513.jpg,SeaLake
261.jpg,HerbaceousVegetation
9381.jpg,PermanentCrop
3860.jpg,SeaLake
6918.jpg,PermanentCrop
1722.jpg,Industrial
8712.jpg,Highway
8074.jpg,Industrial
4896.jpg,Highway
9342.jpg,AnnualCrop
4666.jpg,HerbaceousVegetation
6703.jpg,Pasture
6065.jpg,HerbaceousVegetation
1695.jpg,PermanentCrop
3082.jpg,AnnualCrop
5395.jpg,Pasture
7582.jpg,AnnualCrop
467.jpg,AnnualCrop
5381.jpg,Industrial
2388.jpg,Pasture
315.jpg,HerbaceousVegetation
4909.jpg,HerbaceousVegetation
8855.jpg,HerbaceousVegetation
3914.jpg,SeaLake
8114.jpg,Pasture
7555.jpg,Industrial
8666.jpg,Forest
3055.jpg,Industrial
9550.jpg,HerbaceousVegetation
9544.jpg,Highway
7569.jpg,Industrial
2411.jpg,Pasture
5418.jpg,Highway
5829.jpg,Pasture
3294.jpg,Residential
7794.jpg,Residential
7964.jpg,HerbaceousVegetation
8470.jpg,Forest
3243.jpg,Highway
5632.jpg,AnnualCrop
1440.jpg,Highway
5140.jpg,HerbaceousVegetation
6461.jpg,PermanentCrop
3519.jpg,Highway
4504.jpg,Highway
8306.jpg,SeaLake
5636.jpg,Industrial
3521.jpg,Residential
12.jpg,HerbaceousVegetation
2171.jpg,SeaLake
3290.jpg,Industrial
1487.jpg,River
3284.jpg,PermanentCrop
5193.jpg,Forest
7784.jpg,Residential
9971.jpg,HerbaceousVegetation
891.jpg,Highway
7960.jpg,SeaLake
3051.jpg,Residential
1646.jpg,Pasture
7237.jpg,Residential
3737.jpg,Highway
5352.jpg,AnnualCrop
8676.jpg,HerbaceousVegetation
6673.jpg,Industrial
4070.jpg,Industrial
4716.jpg,River
3092.jpg,River
305.jpg,Industrial
1861.jpg,River
9583.jpg,Pasture
3904.jpg,River
9597.jpg,Residential
339.jpg,River
3125.jpg,Highway
3657.jpg,River
5568.jpg,Residential
6707.jpg,HerbaceousVegetation
9434.jpg,AnnualCrop
6713.jpg,AnnualCrop
6075.jpg,Residential
1097.jpg,SeaLake
3694.jpg,Highway
9391.jpg,Industrial
6908.jpg,SeaLake
7627.jpg,Industrial
8272.jpg,Highway
3327.jpg,Residential
5756.jpg,PermanentCrop
2039.jpg,Pasture
3333.jpg,Industrial
5742.jpg,Forest
7155.jpg,AnnualCrop
7633.jpg,SeaLake
6505.jpg,Residential
2763.jpg,Residential
4312.jpg,Pasture
6277.jpg,Highway
4460.jpg,AnnualCrop
2777.jpg,River
3469.jpg,Industrial
9622.jpg,Highway
5795.jpg,Pasture
2978.jpg,Pasture
7814.jpg,AnnualCrop
9838.jpg,PermanentCrop
7815.jpg,HerbaceousVegetation
7801.jpg,SeaLake
2979.jpg,PermanentCrop
7197.jpg,Highway
4461.jpg,Industrial
6504.jpg,PermanentCrop
4475.jpg,HerbaceousVegetation
7154.jpg,PermanentCrop
4449.jpg,Highway
1531.jpg,Forest
3871.jpg,Pasture
4878.jpg,Forest
258.jpg,River
3865.jpg,Pasture
516.jpg,Forest
4688.jpg,Forest
502.jpg,Forest
1096.jpg,Forest
3859.jpg,Pasture
6074.jpg,Forest
6060.jpg,Pasture
6706.jpg,HerbaceousVegetation
1733.jpg,HerbaceousVegetation
4893.jpg,PermanentCrop
5233.jpg,PermanentCrop
3642.jpg,HerbaceousVegetation
7424.jpg,Residential
9596.jpg,Pasture
3911.jpg,HerbaceousVegetation
9582.jpg,Residential
8878.jpg,River
5384.jpg,AnnualCrop
7578.jpg,River
3078.jpg,PermanentCrop
4065.jpg,AnnualCrop
1135.jpg,HerbaceousVegetation
6882.jpg,Pasture
5353.jpg,River
8105.jpg,Highway
3050.jpg,Residential
2819.jpg,Pasture
890.jpg,HerbaceousVegetation
660.jpg,Industrial
7785.jpg,Forest
5192.jpg,Highway
2164.jpg,HerbaceousVegetation
9031.jpg,PermanentCrop
2602.jpg,River
3508.jpg,HerbaceousVegetation
1479.jpg,Forest
9025.jpg,Highway
1451.jpg,Forest
1337.jpg,AnnualCrop
7752.jpg,Industrial
3534.jpg,AnnualCrop
3252.jpg,AnnualCrop
1445.jpg,PermanentCrop
1335.jpg,HerbaceousVegetation
3522.jpg,Pasture
1453.jpg,Residential
6328.jpg,SeaLake
1447.jpg,River
8463.jpg,Pasture
7778.jpg,Pasture
9033.jpg,River
8339.jpg,Industrial
9972.jpg,HerbaceousVegetation
6499.jpg,Residential
1490.jpg,PermanentCrop
9796.jpg,Highway
5806.jpg,Forest
8113.jpg,Highway
4729.jpg,PermanentCrop
7552.jpg,Highway
3052.jpg,HerbaceousVegetation
9219.jpg,Residential
9231.jpg,Forest
6102.jpg,Residential
6664.jpg,PermanentCrop
4932.jpg,PermanentCrop
1692.jpg,HerbaceousVegetation
7585.jpg,Industrial
474.jpg,Pasture
1876.jpg,AnnualCrop
3907.jpg,SeaLake
8852.jpg,HerbaceousVegetation
9580.jpg,Residential
3913.jpg,HerbaceousVegetation
5225.jpg,Industrial
3640.jpg,HerbaceousVegetation
1731.jpg,SeaLake
1719.jpg,Forest
9423.jpg,HerbaceousVegetation
8729.jpg,Forest
4846.jpg,HerbaceousVegetation
7397.jpg,HerbaceousVegetation
514.jpg,PermanentCrop
1080.jpg,SeaLake
1094.jpg,River
266.jpg,Highway
3873.jpg,River
7630.jpg,Industrial
2990.jpg,SeaLake
5741.jpg,HerbaceousVegetation
8265.jpg,HerbaceousVegetation
7156.jpg,Highway
2984.jpg,Pasture
8517.jpg,SeaLake
9609.jpg,AnnualCrop
931.jpg,PermanentCrop
9621.jpg,Industrial
9147.jpg,River
925.jpg,Industrial
2953.jpg,PermanentCrop
9806.jpg,AnnualCrop
7816.jpg,Residential
9185.jpg,Industrial
4489.jpg,SeaLake
9813.jpg,HerbaceousVegetation
703.jpg,River
3494.jpg,SeaLake
2952.jpg,Pasture
7194.jpg,Industrial
6261.jpg,Highway
4310.jpg,Residential
930.jpg,Pasture
4304.jpg,HerbaceousVegetation
5754.jpg,River
8270.jpg,SeaLake
1532.jpg,SeaLake
3457.jpg,PermanentCrop
7631.jpg,Residential
7157.jpg,PermanentCrop
8933.jpg,Residential
1903.jpg,Highway
4853.jpg,Residential
267.jpg,Residential
1081.jpg,Pasture
6936.jpg,Highway
4674.jpg,Industrial
2205.jpg,Residential
9350.jpg,Pasture
9344.jpg,Highway
2211.jpg,Forest
3641.jpg,Pasture
8714.jpg,River
1056.jpg,PermanentCrop
3127.jpg,Highway
2239.jpg,Residential
1724.jpg,SeaLake
7355.jpg,AnnualCrop
1042.jpg,AnnualCrop
1863.jpg,HerbaceousVegetation
313.jpg,Forest
1693.jpg,Pasture
6671.jpg,HerbaceousVegetation
7209.jpg,HerbaceousVegetation
1678.jpg,SeaLake
3735.jpg,PermanentCrop
5344.jpg,Residential
1122.jpg,HerbaceousVegetation
7553.jpg,Residential
7547.jpg,HerbaceousVegetation
9783.jpg,Forest
8489.jpg,Residential
5813.jpg,Industrial
2832.jpg,Pasture
5185.jpg,HerbaceousVegetation
9973.jpg,PermanentCrop
7786.jpg,River
9026.jpg,River
6315.jpg,River
8338.jpg,SeaLake
4502.jpg,HerbaceousVegetation
1308.jpg,HerbaceousVegetation
2601.jpg,AnnualCrop
3279.jpg,SeaLake
6301.jpg,HerbaceousVegetation
5146.jpg,Residential
4258.jpg,River
1452.jpg,HerbaceousVegetation
8310.jpg,Pasture
5634.jpg,Highway
8335.jpg,Residential
5611.jpg,River
3260.jpg,Industrial
2618.jpg,SeaLake
9995.jpg,Pasture
8453.jpg,AnnualCrop
691.jpg,Residential
7774.jpg,Highway
8321.jpg,SeaLake
2803.jpg,AnnualCrop
2817.jpg,SeaLake
9573.jpg,Pasture
6126.jpg,Highway
4731.jpg,PermanentCrop
2340.jpg,HerbaceousVegetation
487.jpg,PermanentCrop
9229.jpg,Highway
5407.jpg,River
5361.jpg,Pasture
7576.jpg,HerbaceousVegetation
6683.jpg,SeaLake
3923.jpg,Pasture
2383.jpg,Industrial
1846.jpg,PermanentCrop
6697.jpg,SeaLake
4916.jpg,Pasture
336.jpg,HerbaceousVegetation
8686.jpg,PermanentCrop
6873.jpg,River
3894.jpg,SeaLake
6734.jpg,SeaLake
9361.jpg,River
6052.jpg,PermanentCrop
4889.jpg,Forest
5229.jpg,Pasture
3880.jpg,Highway
5201.jpg,Pasture
1701.jpg,Forest
5215.jpg,Industrial
2591.jpg,Industrial
4686.jpg,SeaLake
2585.jpg,HerbaceousVegetation
530.jpg,HerbaceousVegetation
4862.jpg,Pasture
2988.jpg,Industrial
2744.jpg,Residential
9611.jpg,PermanentCrop
8269.jpg,AnnualCrop
4453.jpg,HerbaceousVegetation
1503.jpg,Forest
3314.jpg,Forest
7614.jpg,HerbaceousVegetation
1271.jpg,PermanentCrop
5017.jpg,HerbaceousVegetation
3466.jpg,SeaLake
4309.jpg,Industrial
6278.jpg,Forest
6293.jpg,Industrial
2793.jpg,Residential
7827.jpg,Forest
3499.jpg,Pasture
7199.jpg,Residential
9823.jpg,Pasture
733.jpg,Industrial
7826.jpg,Highway
5943.jpg,Highway
4485.jpg,Highway
6292.jpg,HerbaceousVegetation
2792.jpg,Industrial
5016.jpg,River
7601.jpg,Industrial
8532.jpg,SeaLake
5764.jpg,Industrial
7173.jpg,Highway
1502.jpg,Industrial
1264.jpg,HerbaceousVegetation
7615.jpg,AnnualCrop
928.jpg,HerbaceousVegetation
3329.jpg,PermanentCrop
4446.jpg,Residential
9604.jpg,Pasture
4863.jpg,SeaLake
3856.jpg,Forest
2590.jpg,Pasture
3103.jpg,Pasture
5572.jpg,Residential
8730.jpg,Industrial
1066.jpg,Pasture
6709.jpg,HerbaceousVegetation
4678.jpg,Highway
7359.jpg,River
3881.jpg,HerbaceousVegetation
4136.jpg,SeaLake
337.jpg,River
8687.jpg,River
451.jpg,SeaLake
4917.jpg,Highway
3088.jpg,Forest
2396.jpg,Pasture
3936.jpg,HerbaceousVegetation
479.jpg,HerbaceousVegetation
5406.jpg,Residential
7211.jpg,Industrial
1106.jpg,Pasture
492.jpg,PermanentCrop
7577.jpg,River
8888.jpg,PermanentCrop
1112.jpg,SeaLake
2433.jpg,Industrial
9566.jpg,AnnualCrop
9572.jpg,AnnualCrop
5348.jpg,HerbaceousVegetation
4730.jpg,Residential
653.jpg,Highway
647.jpg,Pasture
5823.jpg,Forest
7946.jpg,Forest
6480.jpg,Industrial
4297.jpg,HerbaceousVegetation
5189.jpg,HerbaceousVegetation
5162.jpg,SeaLake
3513.jpg,Highway
1304.jpg,Forest
9758.jpg,Residential
8320.jpg,Industrial
8334.jpg,HerbaceousVegetation
874.jpg,Pasture
7991.jpg,AnnualCrop
4532.jpg,River
6443.jpg,Highway
36.jpg,Highway
862.jpg,AnnualCrop
3539.jpg,Pasture
2169.jpg,Forest
7011.jpg,River
8444.jpg,HerbaceousVegetation
9996.jpg,HerbaceousVegetation
7950.jpg,PermanentCrop
2828.jpg,PermanentCrop
6482.jpg,SeaLake
889.jpg,Pasture
2800.jpg,River
6657.jpg,AnnualCrop
9564.jpg,HerbaceousVegetation
2357.jpg,HerbaceousVegetation
5438.jpg,AnnualCrop
1886.jpg,Forest
9216.jpg,Industrial
490.jpg,Industrial
8120.jpg,Pasture
7213.jpg,PermanentCrop
1110.jpg,Industrial
3934.jpg,SeaLake
8875.jpg,River
3920.jpg,Residential
335.jpg,SeaLake
4915.jpg,River
447.jpg,Pasture
9410.jpg,HerbaceousVegetation
4134.jpg,HerbaceousVegetation
3883.jpg,SeaLake
3667.jpg,River
7401.jpg,Residential
6079.jpg,Highway
3101.jpg,AnnualCrop
8040.jpg,Residential
7415.jpg,Highway
5202.jpg,Residential
7398.jpg,PermanentCrop
1931.jpg,HerbaceousVegetation
4685.jpg,HerbaceousVegetation
3854.jpg,PermanentCrop
8929.jpg,Highway
4875.jpg,SeaLake
255.jpg,AnnualCrop
8083.jpg,Forest
4861.jpg,Highway
4450.jpg,River
2021.jpg,AnnualCrop
902.jpg,Forest
2753.jpg,River
3303.jpg,River
9148.jpg,SeaLake
8256.jpg,Pasture
3465.jpg,AnnualCrop
1266.jpg,AnnualCrop
1500.jpg,PermanentCrop
5766.jpg,AnnualCrop
5955.jpg,Pasture
719.jpg,Residential
6290.jpg,Pasture
2975.jpg,SeaLake
730.jpg,PermanentCrop
5968.jpg,HerbaceousVegetation
6291.jpg,Forest
2785.jpg,HerbaceousVegetation
9808.jpg,Forest
5001.jpg,AnnualCrop
5767.jpg,Forest
8243.jpg,River
7164.jpg,Pasture
3302.jpg,River
1273.jpg,SeaLake
4323.jpg,Pasture
917.jpg,PermanentCrop
6252.jpg,AnnualCrop
5983.jpg,Industrial
4445.jpg,HerbaceousVegetation
9613.jpg,HerbaceousVegetation
8928.jpg,River
9388.jpg,Residential
3699.jpg,Highway
7399.jpg,SeaLake
7372.jpg,AnnualCrop
8041.jpg,River
3672.jpg,Industrial
7400.jpg,Pasture
2578.jpg,HerbaceousVegetation
4121.jpg,PermanentCrop
8069.jpg,Highway
2222.jpg,Forest
320.jpg,SeaLake
8848.jpg,PermanentCrop
3909.jpg,Industrial
4928.jpg,PermanentCrop
3921.jpg,SeaLake
308.jpg,AnnualCrop
1844.jpg,Highway
8135.jpg,Residential
3706.jpg,Residential
1111.jpg,Residential
3074.jpg,Forest
8121.jpg,AnnualCrop
1893.jpg,AnnualCrop
8109.jpg,PermanentCrop
2801.jpg,Forest
7979.jpg,HerbaceousVegetation
650.jpg,PermanentCrop
8486.jpg,Industrial
9940.jpg,Pasture
2815.jpg,Industrial
9968.jpg,AnnualCrop
2183.jpg,Residential
7004.jpg,HerbaceousVegetation
1461.jpg,Industrial
9983.jpg,Pasture
1307.jpg,Forest
863.jpg,SeaLake
7986.jpg,Forest
23.jpg,Highway
9773.jpg,River
6326.jpg,Highway
7038.jpg,HerbaceousVegetation
6332.jpg,Pasture
1303.jpg,Residential
697.jpg,Residential
9987.jpg,HerbaceousVegetation
5603.jpg,PermanentCrop
3272.jpg,SeaLake
9039.jpg,Forest
8333.jpg,Residential
5171.jpg,SeaLake
7766.jpg,HerbaceousVegetation
2150.jpg,Residential
4521.jpg,Residential
8482.jpg,PermanentCrop
9950.jpg,Forest
7955.jpg,HerbaceousVegetation
2193.jpg,HerbaceousVegetation
2408.jpg,River
495.jpg,Industrial
1101.jpg,River
1115.jpg,PermanentCrop
7202.jpg,River
9207.jpg,Residential
4045.jpg,Industrial
9575.jpg,AnnualCrop
4904.jpg,PermanentCrop
456.jpg,River
8680.jpg,SeaLake
324.jpg,SeaLake
1840.jpg,Highway
4938.jpg,PermanentCrop
8864.jpg,AnnualCrop
6849.jpg,Industrial
3925.jpg,Industrial
1075.jpg,AnnualCrop
9429.jpg,HerbaceousVegetation
2568.jpg,PermanentCrop
8045.jpg,Forest
1049.jpg,PermanentCrop
6726.jpg,SeaLake
7438.jpg,AnnualCrop
3886.jpg,River
3892.jpg,Industrial
6732.jpg,River
8079.jpg,AnnualCrop
9367.jpg,Residential
4643.jpg,Highway
8938.jpg,HerbaceousVegetation
536.jpg,Highway
4864.jpg,AnnualCrop
4680.jpg,PermanentCrop
4858.jpg,Residential
7606.jpg,SeaLake
5011.jpg,HerbaceousVegetation
3306.jpg,River
9159.jpg,PermanentCrop
7174.jpg,Pasture
5763.jpg,HerbaceousVegetation
8521.jpg,Residential
907.jpg,PermanentCrop
6524.jpg,Residential
4441.jpg,Highway
2965.jpg,PermanentCrop
9824.jpg,HerbaceousVegetation
2971.jpg,Residential
2781.jpg,AnnualCrop
4496.jpg,Highway
5944.jpg,Residential
5945.jpg,Residential
5979.jpg,PermanentCrop
9825.jpg,AnnualCrop
7149.jpg,SeaLake
5986.jpg,HerbaceousVegetation
2757.jpg,Residential
1504.jpg,AnnualCrop
5004.jpg,Highway
1276.jpg,PermanentCrop
6519.jpg,River
2019.jpg,PermanentCrop
279.jpg,River
537.jpg,HerbaceousVegetation
4865.jpg,Residential
245.jpg,HerbaceousVegetation
6900.jpg,Industrial
6733.jpg,SeaLake
4124.jpg,SeaLake
8078.jpg,Pasture
5548.jpg,PermanentCrop
5206.jpg,Residential
5560.jpg,HerbaceousVegetation
6684.jpg,HerbaceousVegetation
6690.jpg,SeaLake
3930.jpg,Forest
8681.jpg,AnnualCrop
2347.jpg,SeaLake
2353.jpg,HerbaceousVegetation
7203.jpg,SeaLake
1672.jpg,Industrial
3065.jpg,SeaLake
494.jpg,Pasture
2409.jpg,Pasture
127.jpg,Pasture
7968.jpg,Residential
4534.jpg,Residential
866.jpg,Forest
9776.jpg,SeaLake
32.jpg,Highway
7997.jpg,River
9004.jpg,Forest
3267.jpg,PermanentCrop
2179.jpg,Highway
8332.jpg,HerbaceousVegetation
8454.jpg,Highway
7767.jpg,River
5164.jpg,Pasture
8440.jpg,HerbaceousVegetation
696.jpg,SeaLake
9038.jpg,Forest
3273.jpg,HerbaceousVegetation
7765.jpg,SeaLake
5614.jpg,Residential
3265.jpg,Residential
9984.jpg,SeaLake
6321.jpg,Industrial
2635.jpg,SeaLake
7995.jpg,Residential
8495.jpg,Forest
9953.jpg,Industrial
2806.jpg,Residential
125.jpg,PermanentCrop
9947.jpg,Industrial
657.jpg,Residential
4293.jpg,Highway
6484.jpg,Forest
1499.jpg,SeaLake
4287.jpg,HerbaceousVegetation
4708.jpg,Industrial
5416.jpg,Pasture
1670.jpg,Residential
8132.jpg,Forest
496.jpg,Highway
7215.jpg,Pasture
3073.jpg,Highway
5402.jpg,River
6123.jpg,Forest
6876.jpg,Highway
4907.jpg,Forest
6686.jpg,PermanentCrop
8873.jpg,Highway
4091.jpg,Highway
2392.jpg,River
7375.jpg,Residential
3661.jpg,Highway
1710.jpg,Residential
2219.jpg,Industrial
9364.jpg,PermanentCrop
4898.jpg,Highway
9416.jpg,Forest
3885.jpg,River
4654.jpg,Pasture
4867.jpg,PermanentCrop
521.jpg,Forest
247.jpg,SeaLake
4318.jpg,River
6269.jpg,SeaLake
7163.jpg,HerbaceousVegetation
938.jpg,Forest
910.jpg,Highway
9600.jpg,Forest
2755.jpg,AnnualCrop
4442.jpg,PermanentCrop
8278.jpg,Industrial
6241.jpg,SeaLake
9172.jpg,Pasture
3339.jpg,PermanentCrop
5990.jpg,PermanentCrop
2027.jpg,Forest
1248.jpg,Forest
9827.jpg,Pasture
9199.jpg,AnnualCrop
8293.jpg,SeaLake
2966.jpg,AnnualCrop
7836.jpg,Residential
6296.jpg,AnnualCrop
7822.jpg,Pasture
2783.jpg,River
6240.jpg,PermanentCrop
4331.jpg,SeaLake
9601.jpg,HerbaceousVegetation
8279.jpg,SeaLake
7162.jpg,HerbaceousVegetation
5013.jpg,PermanentCrop
1275.jpg,Forest
1261.jpg,AnnualCrop
7610.jpg,HerbaceousVegetation
3476.jpg,AnnualCrop
3310.jpg,Residential
4696.jpg,AnnualCrop
1936.jpg,AnnualCrop
4682.jpg,Residential
8906.jpg,Residential
520.jpg,AnnualCrop
252.jpg,Highway
6724.jpg,Highway
6042.jpg,Highway
4899.jpg,SeaLake
1739.jpg,SeaLake
3890.jpg,Pasture
1711.jpg,Residential
285.jpg,AnnualCrop
5205.jpg,HerbaceousVegetation
7412.jpg,AnnualCrop
3933.jpg,HerbaceousVegetation
2393.jpg,Pasture
2387.jpg,Pasture
3927.jpg,HerbaceousVegetation
454.jpg,River
332.jpg,River
6650.jpg,Highway
6136.jpg,Pasture
4053.jpg,Industrial
497.jpg,Forest
7572.jpg,AnnualCrop
3714.jpg,HerbaceousVegetation
5403.jpg,PermanentCrop
4709.jpg,SeaLake
2191.jpg,AnnualCrop
4292.jpg,Forest
9946.jpg,PermanentCrop
8480.jpg,PermanentCrop
2807.jpg,River
9007.jpg,River
6334.jpg,SeaLake
25.jpg,River
6320.jpg,Industrial
3258.jpg,HerbaceousVegetation
6308.jpg,SeaLake
8325.jpg,River
5167.jpg,Residential
3516.jpg,Industrial
9985.jpg,Highway
7770.jpg,SeaLake
9991.jpg,SeaLake
7764.jpg,Pasture
3559.jpg,Forest
9074.jpg,PermanentCrop
2121.jpg,Industrial
5896.jpg,Pasture
4544.jpg,River
9060.jpg,HerbaceousVegetation
9706.jpg,HerbaceousVegetation
8418.jpg,Residential
1372.jpg,Highway
180.jpg,Forest
5666.jpg,River
9909.jpg,Forest
7924.jpg,Pasture
6390.jpg,HerbaceousVegetation
5841.jpg,Residential
625.jpg,AnnualCrop
9921.jpg,Forest
631.jpg,SeaLake
6145.jpg,PermanentCrop
5316.jpg,AnnualCrop
6186.jpg,PermanentCrop
3940.jpg,AnnualCrop
3954.jpg,HerbaceousVegetation
4785.jpg,Industrial
1825.jpg,Pasture
6192.jpg,AnnualCrop
341.jpg,AnnualCrop
3968.jpg,AnnualCrop
2257.jpg,Highway
6031.jpg,Forest
9302.jpg,Forest
7449.jpg,AnnualCrop
4154.jpg,HerbaceousVegetation
2525.jpg,Highway
6025.jpg,SeaLake
1762.jpg,HerbaceousVegetation
590.jpg,AnnualCrop
584.jpg,HerbaceousVegetation
4168.jpg,Highway
209.jpg,Forest
8961.jpg,Industrial
3820.jpg,Pasture
4197.jpg,HerbaceousVegetation
1789.jpg,AnnualCrop
235.jpg,Pasture
8785.jpg,SeaLake
6964.jpg,River
8578.jpg,Highway
9666.jpg,Industrial
6555.jpg,Highway
9100.jpg,River
6233.jpg,HerbaceousVegetation
4424.jpg,HerbaceousVegetation
2055.jpg,AnnualCrop
4430.jpg,Highway
7139.jpg,Industrial
962.jpg,SeaLake
7887.jpg,Residential
9882.jpg,Highway
6569.jpg,Residential
5060.jpg,SeaLake
4418.jpg,River
3377.jpg,HerbaceousVegetation
2069.jpg,River
5706.jpg,Pasture
7111.jpg,Forest
1574.jpg,HerbaceousVegetation
8236.jpg,Forest
5712.jpg,Industrial
751.jpg,Pasture
9699.jpg,Pasture
8587.jpg,Residential
989.jpg,Highway
5909.jpg,AnnualCrop
7878.jpg,Forest
2900.jpg,Pasture
4394.jpg,Forest
2929.jpg,AnnualCrop
7689.jpg,SeaLake
8551.jpg,AnnualCrop
7662.jpg,Highway
3410.jpg,Residential
5707.jpg,HerbaceousVegetation
3376.jpg,River
2040.jpg,AnnualCrop
963.jpg,Industrial
7892.jpg,SeaLake
8948.jpg,River
546.jpg,Pasture
8790.jpg,PermanentCrop
3809.jpg,HerbaceousVegetation
6795.jpg,HerbaceousVegetation
3606.jpg,Residential
7306.jpg,Pasture
3160.jpg,Industrial
5511.jpg,PermanentCrop
7474.jpg,HerbaceousVegetation
2524.jpg,Highway
1993.jpg,Highway
3148.jpg,AnnualCrop
7448.jpg,PermanentCrop
6811.jpg,HerbaceousVegetation
1818.jpg,PermanentCrop
6805.jpg,PermanentCrop
426.jpg,SeaLake
4790.jpg,Forest
1830.jpg,HerbaceousVegetation
6839.jpg,River
3772.jpg,PermanentCrop
7272.jpg,HerbaceousVegetation
8141.jpg,Forest
397.jpg,Forest
5465.jpg,HerbaceousVegetation
3014.jpg,Highway
7500.jpg,SeaLake
4009.jpg,Residential
2478.jpg,HerbaceousVegetation
7528.jpg,SeaLake
4021.jpg,Highway
3028.jpg,HerbaceousVegetation
9263.jpg,PermanentCrop
8169.jpg,River
9277.jpg,PermanentCrop
6622.jpg,River
2875.jpg,Pasture
9934.jpg,PermanentCrop
6385.jpg,Industrial
5667.jpg,River
8343.jpg,HerbaceousVegetation
7716.jpg,SeaLake
5101.jpg,HerbaceousVegetation
5115.jpg,PermanentCrop
8357.jpg,HerbaceousVegetation
6352.jpg,SeaLake
5883.jpg,Industrial
5.jpg,AnnualCrop
6420.jpg,Forest
43.jpg,Highway
9705.jpg,AnnualCrop
815.jpg,SeaLake
4221.jpg,Industrial
2136.jpg,AnnualCrop
6350.jpg,Highway
9077.jpg,River
5895.jpg,Forest
9739.jpg,Pasture
5671.jpg,HerbaceousVegetation
8355.jpg,HerbaceousVegetation
7066.jpg,Residential
1417.jpg,SeaLake
2678.jpg,Highway
7933.jpg,SeaLake
168.jpg,HerbaceousVegetation
6393.jpg,Forest
5842.jpg,AnnualCrop
4584.jpg,PermanentCrop
7099.jpg,SeaLake
2863.jpg,SeaLake
4745.jpg,Pasture
6620.jpg,Pasture
4751.jpg,HerbaceousVegetation
9275.jpg,HerbaceousVegetation
4779.jpg,Forest
395.jpg,Industrial
7270.jpg,HerbaceousVegetation
8143.jpg,Forest
7516.jpg,AnnualCrop
8625.jpg,Industrial
3764.jpg,River
1173.jpg,River
356.jpg,AnnualCrop
4962.jpg,Industrial
424.jpg,PermanentCrop
7304.jpg,PermanentCrop
8037.jpg,HerbaceousVegetation
4619.jpg,PermanentCrop
8976.jpg,River
2297.jpg,River
8786.jpg,Pasture
7884.jpg,SeaLake
4355.jpg,SeaLake
4433.jpg,Highway
6224.jpg,River
6230.jpg,Highway
9103.jpg,HerbaceousVegetation
2056.jpg,HerbaceousVegetation
4341.jpg,SeaLake
7648.jpg,Forest
7890.jpg,PermanentCrop
2718.jpg,River
3406.jpg,AnnualCrop
8553.jpg,Highway
7660.jpg,Industrial
785.jpg,PermanentCrop
3360.jpg,River
3374.jpg,Highway
949.jpg,River
7674.jpg,HerbaceousVegetation
9881.jpg,Residential
5936.jpg,SeaLake
2095.jpg,River
7853.jpg,HerbaceousVegetation
9842.jpg,Forest
9857.jpg,Forest
5923.jpg,Highway
5089.jpg,Highway
3375.jpg,Highway
9658.jpg,Industrial
8546.jpg,PermanentCrop
784.jpg,PermanentCrop
3407.jpg,Forest
5710.jpg,HerbaceousVegetation
4426.jpg,HerbaceousVegetation
9664.jpg,Highway
9670.jpg,Forest
2043.jpg,SeaLake
8793.jpg,Industrial
6966.jpg,Highway
2296.jpg,Residential
3188.jpg,AnnualCrop
592.jpg,Highway
1760.jpg,Forest
586.jpg,Pasture
8778.jpg,Pasture
4624.jpg,Highway
2241.jpg,SeaLake
5248.jpg,Highway
6806.jpg,SeaLake
4977.jpg,SeaLake
5499.jpg,SeaLake
3765.jpg,HerbaceousVegetation
5472.jpg,Pasture
7265.jpg,PermanentCrop
1600.jpg,SeaLake
3017.jpg,HerbaceousVegetation
3771.jpg,AnnualCrop
5300.jpg,AnnualCrop
5328.jpg,Highway
6621.jpg,River
6147.jpg,Industrial
4744.jpg,HerbaceousVegetation
3995.jpg,PermanentCrop
8397.jpg,Industrial
2876.jpg,HerbaceousVegetation
5857.jpg,Residential
5843.jpg,Highway
3201.jpg,Industrial
5116.jpg,Residential
4208.jpg,Highway
8432.jpg,Forest
828.jpg,AnnualCrop
1364.jpg,PermanentCrop
68.jpg,SeaLake
9738.jpg,River
6345.jpg,River
814.jpg,Residential
5880.jpg,Highway
3229.jpg,Residential
5660.jpg,Forest
8422.jpg,PermanentCrop
9728.jpg,Highway
7705.jpg,HerbaceousVegetation
5112.jpg,Forest
3205.jpg,River
1412.jpg,SeaLake
2133.jpg,Industrial
4542.jpg,HerbaceousVegetation
2.jpg,Residential
9066.jpg,Pasture
145.jpg,Industrial
2696.jpg,Highway
3588.jpg,AnnualCrop
1162.jpg,AnnualCrop
5304.jpg,Industrial
3013.jpg,Pasture
9258.jpg,HerbaceousVegetation
3007.jpg,PermanentCrop
5310.jpg,SeaLake
2457.jpg,Forest
3749.jpg,River
4998.jpg,Residential
9270.jpg,AnnualCrop
6143.jpg,Industrial
8608.jpg,Forest
6625.jpg,Pasture
347.jpg,HerbaceousVegetation
6802.jpg,HerbaceousVegetation
409.jpg,HerbaceousVegetation
1823.jpg,PermanentCrop
8813.jpg,AnnualCrop
5516.jpg,Residential
8026.jpg,Industrial
1002.jpg,Residential
6745.jpg,Industrial
4634.jpg,River
2251.jpg,SeaLake
7329.jpg,River
8797.jpg,AnnualCrop
541.jpg,Highway
4807.jpg,SeaLake
7671.jpg,SeaLake
794.jpg,Pasture
5066.jpg,HerbaceousVegetation
1566.jpg,PermanentCrop
6209.jpg,Pasture
3359.jpg,Highway
5728.jpg,HerbaceousVegetation
7881.jpg,HerbaceousVegetation
2721.jpg,PermanentCrop
2906.jpg,Industrial
757.jpg,HerbaceousVegetation
2090.jpg,HerbaceousVegetation
5098.jpg,HerbaceousVegetation
2091.jpg,River
6585.jpg,PermanentCrop
742.jpg,SeaLake
7894.jpg,Residential
9661.jpg,River
4423.jpg,Industrial
8219.jpg,SeaLake
9107.jpg,River
5729.jpg,Highway
9675.jpg,Pasture
2708.jpg,River
7102.jpg,Residential
8557.jpg,AnnualCrop
3402.jpg,Highway
5073.jpg,Industrial
6793.jpg,Industrial
8966.jpg,River
4184.jpg,Pasture
4806.jpg,Residential
6977.jpg,Highway
6963.jpg,HerbaceousVegetation
7328.jpg,Residential
1981.jpg,PermanentCrop
2250.jpg,HerbaceousVegetation
5259.jpg,Forest
3628.jpg,SeaLake
6750.jpg,PermanentCrop
9463.jpg,PermanentCrop
6744.jpg,HerbaceousVegetation
4153.jpg,Residential
597.jpg,Pasture
7466.jpg,HerbaceousVegetation
3166.jpg,Pasture
5488.jpg,Forest
1836.jpg,River
3947.jpg,PermanentCrop
6803.jpg,AnnualCrop
2456.jpg,PermanentCrop
1611.jpg,Forest
5305.jpg,PermanentCrop
8621.jpg,PermanentCrop
1605.jpg,Forest
5463.jpg,Industrial
86.jpg,SeaLake
6383.jpg,PermanentCrop
4594.jpg,Residential
92.jpg,Industrial
2697.jpg,HerbaceousVegetation
9932.jpg,HerbaceousVegetation
2867.jpg,AnnualCrop
144.jpg,Highway
2873.jpg,River
636.jpg,Forest
805.jpg,Residential
9715.jpg,SeaLake
45.jpg,Residential
2898.jpg,Highway
2654.jpg,River
811.jpg,Pasture
9701.jpg,PermanentCrop
6432.jpg,HerbaceousVegetation
5113.jpg,Forest
1375.jpg,AnnualCrop
7710.jpg,Forest
1361.jpg,River
185.jpg,HerbaceousVegetation
1411.jpg,PermanentCrop
7706.jpg,Residential
5111.jpg,Forest
3574.jpg,Forest
1405.jpg,Pasture
191.jpg,Pasture
5663.jpg,River
4555.jpg,Forest
5893.jpg,Residential
47.jpg,HerbaceousVegetation
807.jpg,River
53.jpg,Industrial
5139.jpg,PermanentCrop
146.jpg,Pasture
2871.jpg,AnnualCrop
5878.jpg,Residential
4596.jpg,Forest
5688.jpg,HerbaceousVegetation
6381.jpg,HerbaceousVegetation
7262.jpg,AnnualCrop
393.jpg,River
4019.jpg,PermanentCrop
1149.jpg,Industrial
3038.jpg,River
4757.jpg,Pasture
9273.jpg,Highway
2332.jpg,HerbaceousVegetation
4025.jpg,SeaLake
6801.jpg,PermanentCrop
350.jpg,HerbaceousVegetation
2483.jpg,HerbaceousVegetation
1834.jpg,Highway
6183.jpg,Industrial
1820.jpg,Residential
2497.jpg,HerbaceousVegetation
2508.jpg,Industrial
1001.jpg,HerbaceousVegetation
7316.jpg,Pasture
7464.jpg,Highway
3602.jpg,Forest
9461.jpg,PermanentCrop
5529.jpg,Pasture
4151.jpg,Highway
224.jpg,Pasture
218.jpg,PermanentCrop
9139.jpg,Forest
7672.jpg,River
8541.jpg,AnnualCrop
5071.jpg,Highway
8555.jpg,River
4409.jpg,SeaLake
9663.jpg,Highway
4435.jpg,SeaLake
2044.jpg,Pasture
5924.jpg,Industrial
6593.jpg,Forest
768.jpg,SeaLake
6587.jpg,Industrial
3399.jpg,PermanentCrop
2086.jpg,Industrial
7854.jpg,Pasture
741.jpg,AnnualCrop
5919.jpg,SeaLake
6545.jpg,PermanentCrop
7129.jpg,Pasture
2737.jpg,River
7667.jpg,Residential
8232.jpg,Residential
8226.jpg,Industrial
9138.jpg,Industrial
1564.jpg,Residential
5702.jpg,AnnualCrop
6784.jpg,HerbaceousVegetation
3830.jpg,Pasture
1941.jpg,HerbaceousVegetation
543.jpg,Highway
8795.jpg,Pasture
557.jpg,PermanentCrop
8781.jpg,HerbaceousVegetation
6021.jpg,Highway
1996.jpg,SeaLake
2521.jpg,Highway
9460.jpg,PermanentCrop
6753.jpg,HerbaceousVegetation
9306.jpg,Forest
7303.jpg,Forest
7465.jpg,HerbaceousVegetation
8756.jpg,Forest
580.jpg,Industrial
8742.jpg,Pasture
2509.jpg,Highway
4178.jpg,AnnualCrop
1766.jpg,SeaLake
6196.jpg,Industrial
3950.jpg,AnnualCrop
3788.jpg,Residential
8805.jpg,SeaLake
379.jpg,Forest
9299.jpg,PermanentCrop
351.jpg,Pasture
6633.jpg,HerbaceousVegetation
4024.jpg,AnnualCrop
2455.jpg,PermanentCrop
4030.jpg,HerbaceousVegetation
1148.jpg,AnnualCrop
9514.jpg,PermanentCrop
2327.jpg,River
1606.jpg,Industrial
4018.jpg,Forest
1160.jpg,HerbaceousVegetation
7505.jpg,HerbaceousVegetation
5474.jpg,Industrial
3005.jpg,Forest
7934.jpg,Industrial
5689.jpg,Forest
85.jpg,Forest
7920.jpg,Pasture
153.jpg,HerbaceousVegetation
5879.jpg,Pasture
8391.jpg,Forest
9702.jpg,Residential
1438.jpg,Industrial
8408.jpg,Forest
4232.jpg,Forest
3213.jpg,PermanentCrop
190.jpg,Forest
1404.jpg,Highway
4568.jpg,Pasture
